{
  "isRunning": false,
  "id": "4",
  "name": "Oxygen Pro",
  "manufacturer": "Google",
  "model": "Pro2",
  "type": "OxygenMeter.class",
  "env": {
    "hour": 11,
    "air temperature": 22,
    "water temperature": 22,
    "time speed": 10,
    "dissolved CO2": 7.200003,
    "dissolved oxygen": 4.9999948,
    "pH": 6.8899975,
    "plant number": 1,
    "decomposers number": 20,
    "small fish number": 3,
    "medium fish number": 0,
    "large fish number": 0
  },
  "airArray": [
    5.0,
    4.9999995,
    4.999999,
    4.9999986,
    4.999998,
    4.9999976,
    4.999997,
    4.9999967,
    4.999996,
    4.9999957,
    4.999995
  ]
}